Neighbourhood,"Population,2016",Population Growth,Children (0-14 years),Youth (15-24 years),Working Age(25-64 years),Seniors (65+ years),High School,Bachelors Degree,Masters  degree,Doctorate,Median Household Income,Employment Rate %,Umemployment Rate %,Total Crime,Crime Rate,Detached house,Semi-Detached house,Apartment/Condo,Other attached Dwelling,Row house,Owned House,Rented House,1 Bedroom,2 Bedrooms,3 Bedrooms,4+ Bedrooms,Constructed<1960,Constructed 1961-80,Constructed 1991-2000,Constructed 2001-05,Constructed 2006-10,Constructed 2011-16,Home Sales,Sales Volume($),Average Price,Median Price,New Listings,Active Listings,Avg SP/LP,AvgDaysonMarket,Median Rent($),Schools,Grocery/Convenience Stores,Hospital/Pharmacies,Transport,Bank/Gas,"Parks,Beaches & Outdoors","Health,Fitness & Sports",Shopping & Recreation,Food & Restaurants
Agincourt North,29113,-3.9,3840,3705,15535,6970,4240,3090,735,85,64686,50.0,9.8,160,5.495826606670558,3345,805,3500,3660,1440,7395,1720,965,1790,2860,3490,245,4905,895,720,350,45,68,50774888,746690,766400,102,30,1.06,13,1750,2,0,1,0,2,0,1,3,16
Agincourt South-Malvern West,23757,8.0,3075,3360,13230,4660,3410,3270,920,85,61992,53.2,9.8,255,10.73367849475944,2790,330,4450,2265,515,5890,2250,915,2235,2560,2405,835,3275,640,170,370,1200,120,83300152,694168,560000,207,69,1.02,19,1900,0,0,0,0,1,0,0,3,16
Alderwood,12054,1.3,1760,1235,7045,2335,1825,1415,390,25,83249,62.4,6.1,103,8.544881367181018,2840,545,1145,1525,85,3675,950,325,1145,2055,1090,2905,1030,165,75,115,120,64,74920500,1170633,1060000,103,33,1.01,20,2425,1,0,1,0,0,0,2,0,4
Annex,30526,4.6,2360,3750,18520,6950,2060,6855,3930,870,71053,65.8,6.7,455,14.905326606826966,645,1185,13415,7215,595,6060,9870,6995,4555,2000,1540,6920,4080,950,715,840,940,100,175689955,1756900,1288500,401,221,0.99,24,4200,4,2,1,0,0,1,2,2,30
Banbury-Don Mills,27695,2.9,3605,2730,14365,8615,2265,4895,1970,245,77547,55.6,7.2,180,6.4993681169886255,3485,285,7625,2370,740,7390,4735,3010,4245,2545,2280,2970,3675,1185,950,990,540,121,155776209,1287407,870000,256,98,0.98,21,3750,2,1,1,0,1,0,1,8,11
Bathurst Manor,15873,2.8,2325,1940,8685,3650,1830,2485,880,155,69634,60.3,7.2,136,8.568008568008567,2105,165,3765,1940,45,3285,2800,1200,1475,1860,1395,2165,2235,375,325,290,220,46,52230235,1135440,1110000,110,32,1.02,17,2497,2,0,0,0,0,2,0,0,0
Bay Street Corridor,25797,33.3,1695,6860,14825,2750,1265,5810,3275,870,48737,56.2,10.2,1045,40.50858626972129,5,0,15040,290,15,4835,10245,8070,5750,655,25,665,2405,2165,940,2415,3925,150,121929639,812864,690000,656,387,0.98,23,1800,4,0,50,0,1,1,3,11,46
Bayview Village,21396,21.1,2415,2505,12850,4225,1700,4895,1985,260,67355,58.5,7.7,149,6.963918489437279,2025,120,6495,1615,880,5605,3930,3685,2555,1700,1475,1475,2110,375,1230,1770,2150,142,119121974,838887,609500,366,182,0.98,24,1850,2,0,0,0,0,2,0,0,0
Bayview Woods-Steeles,13154,-2.8,1515,1635,6315,4425,910,2105,915,180,74082,51.3,8.0,87,6.613957731488521,1565,495,2445,1365,200,2720,1985,515,1050,1215,1920,400,3375,310,30,20,80,32,41147580,1285862,1321500,65,23,0.99,16,2100,1,0,0,0,0,1,0,0,0
Bedford Park-Nortown,23236,0.2,4555,3210,11485,4640,1545,4285,1845,220,116672,60.3,5.5,185,7.961783439490445,4820,45,3570,1905,65,6005,2595,1570,1985,1395,3565,2935,1670,1335,615,655,555,56,131477036,2347804,2165000,151,74,0.99,19,3200,2,0,1,0,0,0,0,4,20
Beechborough-Greenbrook,6577,1.4,1120,855,3635,1110,1015,355,60,10,45211,52.7,11.4,98,14.900410521514369,665,80,1885,1325,15,895,1755,665,1200,480,255,1045,800,420,40,10,25,14,15533555,1109540,950000,17,5,0.98,22,2100,1,0,0,0,0,0,0,1,1
Bendale,29960,7.5,4550,4605,15585,6150,4010,3540,990,55,60292,52.9,8.8,435,14.519359145527373,3870,290,6265,2060,325,7000,3765,2285,2470,3700,2180,3970,2595,570,995,1305,960,121,86304612,713261,747500,230,70,1.04,13,1850,0,0,0,0,0,1,1,2,1
Birchcliffe-Cliffside,22291,2.0,3345,2440,12595,4540,3195,2865,985,105,73216,59.6,8.8,318,14.265847202907008,4900,425,3785,3390,40,6145,3055,1475,2750,3030,1805,6050,1655,505,135,125,170,101,109013025,1079337,981500,174,53,1.02,13,2525,1,0,0,0,0,0,1,1,1
Black Creek,21737,-1.5,4600,3290,10950,3240,3155,1015,120,40,51999,47.8,12.7,383,17.619726733219856,680,660,4850,2590,1140,2440,4880,1335,2580,2330,945,1250,4840,445,35,10,60,29,18080900,623479,620000,47,16,0.99,22,1850,3,0,1,0,1,0,1,1,1
Blake-Jones,7727,-0.5,1405,885,4545,1010,780,1380,550,90,64483,59.6,8.5,110,14.23579655752556,495,815,1435,2170,370,1690,1435,675,780,1080,485,2200,625,70,45,25,10,26,31935400,1228285,1170000,39,6,1.16,7,2062,3,0,2,0,0,0,0,2,12
Briar Hill-Belgravia,14257,-0.3,1855,1655,8665,2410,1970,2095,525,60,60899,61.8,8.7,136,9.539173739215824,1610,155,3880,1735,75,2835,2900,1325,2425,1400,480,2310,2415,310,180,85,10,28,22946238,819509,813050,57,25,1.03,18,1825,2,0,1,0,2,0,0,2,4
Bridle Path-Sunnybrook-York Mills,9266,6.3,1435,1425,4615,2030,485,1810,990,120,215792,53.6,8.0,88,9.497086121303694,2275,40,700,380,230,2940,295,150,700,665,1740,865,375,400,315,600,450,54,226629500,4196843,2875000,134,81,0.91,42,7800,4,0,0,1,0,1,1,1,4
Broadview North,11499,-0.6,1470,1040,7115,2120,1410,1900,790,80,52731,61.1,8.2,94,8.17462388033742,850,440,4290,1495,80,1805,3855,2625,1610,985,325,2305,2410,275,85,205,50,25,25526000,1021040,950000,44,9,1.04,19,1900,2,1,0,0,0,0,0,2,1
Brookhaven-Amesbury,17757,-0.2,3360,2460,9810,2415,2755,1215,210,25,52988,57.1,10.0,195,10.981584727149857,1790,240,4420,950,25,2620,3860,1485,2280,2000,695,1945,2700,605,380,225,115,24,20577500,857396,887400,40,11,1.01,15,1500,0,0,0,0,0,1,0,0,0
Cabbagetown-South St. James Town,11669,-3.2,800,1035,7570,2555,1195,2285,1110,230,61184,65.6,8.0,211,18.08209786614105,160,460,5175,2930,630,2855,3590,2790,2110,865,355,2680,1765,250,250,225,35,56,60550050,1081251,775500,107,33,1.02,11,4800,3,2,2,0,1,1,0,4,38
Caledonia-Fairbank,9955,1.1,1490,1220,5920,1490,1475,765,160,20,66048,61.1,7.2,128,12.857860371672526,1680,435,1545,1835,20,2380,1300,620,1140,1395,515,2175,895,235,105,55,45,41,38923258,949348,890000,66,19,1.03,16,2400,2,0,0,0,0,1,0,1,0
Casa Loma,10968,4.6,1200,1080,6020,3070,715,2355,1205,190,93022,62.8,6.6,72,6.564551422319474,875,265,4060,1850,200,2170,3235,1825,1655,885,945,2810,1495,205,60,285,255,45,88913374,1975853,1590000,129,61,0.98,19,2747,1,0,1,0,0,0,1,6,14
Centennial Scarborough,13362,2.1,2150,1850,6985,2545,1385,2230,650,50,114897,59.3,7.6,86,6.436162251160005,3510,160,210,865,485,4095,280,35,205,1620,2510,300,1940,900,190,335,105,48,53171500,1107740,1092500,72,17,1.04,11,2500,1,0,0,0,0,1,0,0,1
Church-Yonge Corridor,31340,10.6,1260,5060,22015,3260,2785,8180,3595,665,56366,68.7,8.5,868,27.696234843650288,10,25,19380,1625,220,5800,13865,11825,5845,580,100,3400,4660,2585,1500,2690,2115,218,160737548,737328,644000,929,477,0.99,22,2500,4,0,10,0,1,5,5,18,64
Clairlea-Birchmount,26984,8.9,4565,3495,15300,4290,3750,3285,1315,110,68524,59.6,8.7,439,16.268900088941596,3135,1015,4005,4195,1045,6065,3180,1505,2375,3305,2030,3875,2230,460,285,1450,665,124,104360113,841614,850000,168,29,1.07,12,2700,1,0,1,3,0,1,1,0,3
Clanton Park,16472,12.7,2765,1910,9405,2775,1835,3020,885,135,69997,63.8,6.1,164,9.956289460903351,2405,10,4125,1840,15,3545,3010,2175,1755,1145,1435,2265,1350,680,345,370,1125,80,83088849,1038611,687500,137,52,1.01,19,1800,1,0,0,0,0,1,0,0,0
Cliffcrest,15935,1.5,2575,2145,8515,3065,2285,1955,655,80,75291,55.9,9.7,200,12.55098839033574,3380,55,1965,1245,435,3950,1955,680,1220,2090,1785,2930,1675,355,125,305,180,61,68207376,1118154,950000,111,35,1.03,12,2700,3,0,0,0,0,0,0,0,4
Corso Italia-Davenport,14133,2.8,1910,1545,8670,2315,1870,1875,715,155,71434,63.2,7.2,124,8.773791834713084,1240,1230,2845,4310,105,3450,2055,950,1240,2290,1005,3930,935,160,55,45,225,42,43338999,1031881,978500,69,15,1.08,8,2475,1,3,0,1,1,0,1,0,19
Danforth,9666,2.4,1675,920,5565,1710,970,1825,790,105,76597,64.3,6.2,124,12.828470929029589,685,1240,1955,2930,30,2520,1400,780,565,1835,625,3045,535,80,35,35,25,29,35856050,1236416,1200000,59,14,1.12,6,1322,6,0,0,0,0,0,1,3,22
Danforth East York,17180,2.8,3020,1450,10065,3020,1855,2985,1195,220,81253,62.4,6.9,108,6.286379511059371,2900,1700,2375,3250,35,4965,2060,1190,1730,3100,930,5110,1000,205,55,115,255,72,88148760,1224288,1196250,108,20,1.09,11,1400,5,0,1,0,0,1,1,0,3
Don Valley Village,27051,1.2,4065,3280,15005,5365,2490,4720,1990,355,65714,55.1,9.6,253,9.352704151417694,2120,360,6080,2215,1415,5100,4870,1610,3870,2310,2170,990,6830,390,165,265,350,76,66807645,879048,788000,149,46,1.02,15,2100,2,0,0,0,0,1,0,0,7
Dorset Park,25003,2.6,4250,3155,13815,4570,3565,2985,905,95,57986,57.1,9.7,371,14.838219413670359,2130,335,4745,2885,1560,5380,3400,1845,2950,2550,1380,2395,3165,1145,785,295,210,78,49339895,632563,666500,116,24,1.05,14,2000,2,0,0,0,0,0,0,4,6
Dovercourt-Wallace Emerson-Junction,36625,5.8,4480,3925,23725,5110,5015,6275,2410,380,65167,65.2,7.2,409,11.167235494880543,1635,2050,10275,11640,1140,7630,7665,4280,4000,4565,2210,8555,2485,1015,650,580,1085,125,132683177,1061465,1080000,223,58,1.1,10,2000,7,1,1,0,1,2,1,1,5
Downsview-Roding-CFB,35052,1.1,5725,4340,19425,6405,5390,2805,520,50,56053,56.8,7.9,575,16.404199475065614,4330,925,7230,5700,645,6275,6855,2935,3510,4365,2150,4810,4885,855,430,745,540,105,80257851,764360,775000,209,75,1.01,15,2200,3,0,0,0,0,1,0,0,0
Dufferin Grove,11785,2.9,1285,1065,7915,1690,1405,2320,875,140,63479,67.1,7.5,156,13.237165888841748,310,500,4435,3890,110,2205,3235,2060,1405,1110,705,3120,1270,250,160,280,80,33,36289588,1099684,975000,81,22,1.06,9,1950,3,1,1,0,1,1,2,2,31
East End-Danforth,21381,2.6,3735,2210,12795,2960,2265,3825,1485,195,69026,64.3,8.2,317,14.826247603012021,1770,1950,4810,5360,595,4990,4190,2230,2135,3345,1060,5390,1845,555,415,285,155,75,76321108,1017615,1025000,99,13,1.1,10,1800,4,0,1,1,0,1,1,0,8
Edenbridge-Humber Valley,15535,4.0,2120,1805,8325,3955,1730,2435,990,115,84113,60.5,6.1,114,7.338268426134535,2555,85,3480,1290,130,3510,2745,1220,1875,1310,1855,1875,2855,215,295,395,315,49,76039400,1551824,1490000,98,50,0.98,26,3250,0,0,1,0,0,2,0,0,1
Eglinton East,22776,-0.2,4180,3130,12005,4065,3260,2075,625,40,53081,52.8,10.8,334,14.66455918510713,1535,120,5745,1435,510,3560,4355,1550,2865,2325,1095,2175,3200,830,170,140,90,50,32260201,645204,556500,86,27,1.04,12,1775,0,0,3,1,0,0,0,1,8
Elms-Old Rexdale,9456,-1.0,1805,1440,4955,1420,1670,665,160,15,59576,54.6,10.0,105,11.104060913705585,990,70,1640,845,515,1750,1470,230,920,1500,565,985,1435,130,20,10,25,31,19886436,641498,713000,50,16,1.0,15,1850,2,0,0,0,0,0,0,0,3
Englemount-Lawrence,22372,1.3,4805,3030,10815,4680,2225,3090,955,140,58003,57.4,8.9,262,11.71106740568568,1905,30,6050,3320,265,3445,4795,2410,2480,1665,1515,2515,2515,965,710,215,475,29,38396218,1324008,1300000,81,35,1.01,17,2000,2,0,0,1,0,0,1,2,2
Eringate-Centennial-West Deane,18588,-1.2,2635,2405,9765,4330,2210,2635,845,100,88872,58.9,7.4,146,7.854529804174737,3925,360,1985,1170,605,5810,1055,405,1135,3280,2040,2120,3710,105,195,75,35,62,54838982,884500,932500,104,25,1.03,14,3899,3,0,0,0,0,1,1,0,3
Etobicoke West Mall,11848,8.4,1695,1460,6625,2565,1520,1485,505,70,72429,60.5,7.9,79,6.667792032410532,965,95,3275,460,230,2410,2175,790,1745,1535,510,1085,2615,80,30,20,485,51,35773699,701445,590000,105,37,1.02,17,2000,2,0,0,0,1,0,0,2,6
Flemingdon Park,21933,-1.1,4385,3060,11520,3265,2810,2610,950,110,48917,50.6,10.6,198,9.027492819039805,0,180,7075,1395,565,3500,4335,1835,3590,2005,325,985,4835,695,205,50,60,44,22545260,512392,476500,114,46,0.99,17,2500,2,0,1,1,0,1,2,3,6
Forest Hill North,12806,2.7,2060,1500,7115,2485,1115,2295,990,210,70920,65.6,7.4,62,4.84148055598938,1470,15,3925,540,30,1855,3590,2035,1430,705,1160,2660,1880,240,70,65,60,28,54990036,1963930,2001000,43,9,1.0,11,2750,2,1,1,0,1,1,2,0,11
Forest Hill South,10732,-1.8,1365,1355,5765,2585,755,2170,1175,160,119484,62.1,5.6,54,5.031680954155795,1685,65,3145,1235,40,2615,2320,1785,1085,535,1480,2630,1035,210,90,95,285,40,106912418,2672810,2330209,82,43,0.97,22,1600,1,0,0,0,1,2,0,0,0
Glenfield-Jane Heights,30491,-2.9,5790,4520,15195,5705,4485,1270,300,10,51964,48.7,11.5,477,15.643960512938245,415,3285,4885,6110,1350,5105,4810,1290,2385,3730,2345,2010,6105,435,65,75,35,46,33786790,734495,803500,73,30,1.01,16,1200,1,0,0,0,0,2,1,0,1
Greenwood-Coxwell,14417,2.4,2460,1305,9005,1840,1705,2740,1025,105,70574,64.2,7.2,193,13.386973711590484,965,1480,3235,4605,335,3595,2455,1380,1575,2250,755,3875,1020,295,40,95,80,70,79180610,1131152,1096500,98,18,1.1,12,2000,3,1,0,3,0,2,1,3,23
Guildwood,9917,1.0,1295,1065,4925,3175,1090,1330,415,75,87538,54.7,7.9,74,7.461934052636888,2175,140,1365,725,300,3085,905,410,910,1330,1330,1020,2035,425,40,20,60,42,38201288,909554,921250,65,21,1.04,13,4200,3,0,1,2,0,0,0,0,1
Henry Farm,15723,38.7,2505,2330,9435,1595,1390,3295,1585,110,56644,58.5,10.3,104,6.6145137696368375,495,0,5425,540,435,2355,4010,2710,1965,1145,485,465,2410,295,195,375,2310,96,58867121,613199,555000,252,101,1.0,17,1862,1,0,1,0,0,1,1,0,0
High Park North,22162,4.1,2850,1890,14245,3730,1830,5225,2425,475,73547,67.1,7.1,149,6.723219925999459,1370,600,8910,3130,130,3725,7295,4955,2680,1635,1190,4340,4715,310,255,295,475,51,61442233,1204750,1225000,92,30,1.04,14,2650,5,0,0,0,0,2,2,0,0
High Park-Swansea,23925,10.1,3540,2125,14440,4555,1865,5465,2325,390,82753,68.9,6.0,181,7.565308254963428,2655,515,7390,4660,290,6135,4745,3730,2910,2330,1775,5935,1850,370,205,645,1270,98,111876752,1141600,766500,232,70,1.05,12,2100,0,0,0,0,0,7,1,3,1
Highland Creek,12494,-4.6,1545,1925,6640,2585,1605,1535,430,40,102740,55.8,8.5,114,9.124379702257084,3100,5,575,590,15,3290,410,80,190,800,2610,340,475,760,165,195,75,37,37503600,1013611,1025000,64,14,1.02,19,2125,0,0,0,0,0,0,0,0,0
Hillcrest Village,16934,-4.1,2115,2170,8325,4935,1265,2945,1240,190,70539,49.1,8.3,114,6.732018424471478,1650,825,2850,2805,1070,4895,1505,705,1220,2195,2120,465,4560,385,60,20,15,52,47038242,904582,791500,89,29,1.01,16,2550,1,0,1,0,0,1,0,0,2
Humber Heights-Westmount,10948,3.4,1450,1140,5300,3995,1280,1075,375,65,68996,54.8,7.4,82,7.489952502740227,1680,60,2345,490,65,2515,1620,445,1545,1415,715,1175,1865,325,65,230,85,34,29557075,869326,834750,54,21,1.02,23,2525,1,0,0,0,1,1,0,0,2
Humber Summit,12416,-0.9,2155,1720,6170,2640,1870,780,310,35,61373,50.7,9.6,262,21.101804123711343,525,1790,1490,2655,85,2725,1165,320,665,1620,1290,605,2640,145,130,95,15,32,27179500,849359,828250,50,21,1.01,14,1400,2,0,0,0,0,2,0,0,1
Humbermede,15545,-1.9,2945,2225,8205,2420,2390,1135,325,35,57609,54.6,10.2,209,13.444837568349953,575,1135,2875,2895,455,2660,2400,590,1505,1535,1395,1345,2500,250,125,320,50,42,28406000,676333,726000,59,18,1.02,13,1600,1,1,1,0,0,0,0,0,9
Humewood-Cedarvale,14365,1.8,2165,1610,8655,2220,1235,2885,1355,220,61110,68.5,7.1,109,7.587887225896275,1850,265,4455,3015,0,2325,4240,2610,1485,1140,1130,4165,1595,240,55,75,85,35,48987900,1399654,1355000,64,19,1.07,10,2200,2,1,0,0,0,2,1,0,0
Ionview,13641,4.2,2310,1645,7770,2135,2020,1415,560,40,53177,55.7,8.8,136,9.969943552525477,1020,375,3530,1370,145,2020,3140,1505,1630,1290,685,2265,2125,310,95,40,10,23,16421000,713957,750000,39,7,1.06,11,2500,0,0,0,0,0,2,0,0,0
Islington-City Centre West,43965,15.4,5820,4695,26040,8885,4835,8270,2820,300,72921,63.6,7.3,537,12.21426134425111,5175,125,13345,1795,650,11215,8105,5930,6645,4060,2545,4260,4880,1075,1545,2920,3190,265,216303513,816240,610000,585,195,1.01,16,2075,1,0,0,0,1,0,0,1,11
Junction Area,14366,2.4,2190,1465,9220,1675,1650,2870,1155,150,73720,69.9,5.6,167,11.624669358206878,740,980,3740,4585,565,3575,2460,1670,1460,1735,1055,3550,710,250,555,490,315,68,67754142,996384,919500,101,27,1.06,8,1800,4,1,0,1,0,0,2,12,33
Keelesdale-Eglinton West,11058,3.9,1610,1430,6225,2015,1685,725,115,15,57780,54.7,8.6,106,9.585820220654726,1670,425,2065,1845,10,2585,1610,930,1215,1425,585,1870,1125,405,205,105,110,39,29476888,755818,825000,75,23,1.01,18,1850,2,0,0,0,0,0,0,1,7
Kennedy Park,17123,0.4,2775,2175,9630,2880,2680,1630,600,55,51028,54.0,9.1,313,18.279507095719207,1805,350,4210,2020,125,3600,2980,1630,1890,1660,1320,2505,2235,725,100,35,80,53,38002198,717023,751000,67,12,1.04,12,2100,2,0,0,0,0,1,0,0,0
Kensington-Chinatown,17945,-3.0,1315,3350,10555,3185,2030,2995,1250,355,44216,57.5,8.2,534,29.75759264419057,70,215,7805,4100,600,2540,6200,3665,2470,1000,1055,2720,2495,765,440,390,585,42,43423640,1033896,955000,132,74,1.01,25,1600,6,1,3,0,0,1,0,6,33
Kingsview Village-The Westway,22000,1.3,4240,3020,11185,4160,3175,1990,590,50,60824,52.1,9.9,232,10.545454545454543,2175,130,5150,850,315,4055,3735,965,3180,2495,1115,2130,4200,370,75,10,40,63,49705072,788969,837000,127,41,1.02,25,2250,2,0,0,0,0,0,0,1,2
Kingsway South,9271,1.1,1580,1100,4590,2320,455,1980,915,140,151552,58.6,7.5,72,7.7661525186064075,2310,70,1155,485,50,2910,660,315,990,1030,1250,2165,380,235,215,230,140,50,101622360,2032447,1785000,87,24,1.02,14,2450,0,0,0,0,0,0,0,1,0
Lambton Baby Point,7985,0.8,1695,905,4360,1165,640,1375,715,135,93586,61.8,7.6,289,36.19286161552912,1270,545,1130,1160,185,1845,1280,515,690,1235,670,2180,570,75,0,40,30,32,51089198,1596537,1433000,43,6,1.06,13,1850,1,0,0,0,0,3,0,0,0
L'Amoreaux,43993,-2.1,6120,5730,23140,10335,5655,5240,1445,185,62871,50.4,10.9,43,0.9774282272179664,3685,925,8010,4620,2415,9825,5205,2085,3820,4760,4270,1210,9995,770,455,120,285,152,118088935,776901,680000,231,50,1.03,14,2300,3,0,1,1,0,0,1,1,4
Lansing-Westgate,16164,10.4,2420,2105,9500,2520,1255,3555,1655,205,80384,62.5,7.2,150,9.279881217520416,2355,30,4175,915,0,3840,2740,1690,2280,1115,1485,1920,1065,440,995,680,770,77,101506305,1318264,1065000,158,66,0.99,20,1875,1,0,0,0,0,0,2,0,0
Lawrence Park North,14607,0.5,3280,1670,7705,2200,665,3390,1585,265,144963,65.9,6.4,69,4.72376257958513,3110,885,1395,2095,30,4115,1315,735,735,2475,1455,3855,470,230,220,190,165,62,124217747,2003512,1762500,98,30,1.01,13,3435,2,0,2,1,2,0,3,6,34
Lawrence Park South,15179,0.7,2845,2095,7985,2550,685,3345,1870,260,151885,63.1,7.5,87,5.731602872389486,3420,110,2170,1420,35,4005,1750,1065,1000,1180,2435,4105,470,275,325,210,175,48,132523000,2760896,2820000,103,45,1.0,14,3435,4,0,1,0,0,0,2,1,2
Leaside-Bennington,16828,-1.1,3285,2175,8795,2950,990,3600,1610,305,126930,63.7,6.9,79,4.694556691228904,3565,795,1990,2340,75,4635,1800,1025,1190,2290,1840,4640,620,335,230,210,210,70,114891056,1641301,1627500,99,30,1.02,13,3200,6,0,0,0,0,1,2,2,10
Little Portugal,15559,29.1,1400,1605,10710,2110,1950,3575,1275,160,66542,73.0,6.4,187,12.018767272960988,270,460,6030,4250,605,3280,4145,2830,2360,1360,755,3355,800,195,125,545,2225,92,80364613,873528,743500,242,83,1.06,12,1800,6,6,0,0,0,1,2,3,30
Long Branch,10084,4.7,1335,1130,6225,1545,1445,1445,490,70,61536,65.6,7.1,106,10.511701705672351,1480,80,3160,2205,90,2240,2575,1395,1755,1095,515,2260,1290,310,100,195,255,77,72647000,943468,818000,132,36,1.01,16,2450,1,0,0,0,2,1,0,0,9
Malvern,43794,-2.9,7910,6620,23400,6335,6825,4310,1005,80,64114,55.5,10.5,457,10.435219436452485,3475,1275,5050,6865,3540,9395,4020,1495,2760,4835,4285,510,5505,2165,900,410,205,185,109117697,589825,601000,259,61,1.03,16,1900,2,0,2,0,0,1,1,0,8
Maple Leaf,10111,-0.8,1500,1265,5315,2410,1515,1130,145,0,62976,56.5,8.1,87,8.604490159232519,1635,175,1640,1115,95,2000,1560,620,910,1265,755,1310,1445,350,105,45,55,38,39083527,1028514,1022500,53,12,0.99,20,2700,1,0,0,0,0,0,0,1,2
Markland Wood,10554,1.1,1340,1165,5335,3240,1005,1720,460,75,86965,56.1,6.2,69,6.537805571347357,1780,5,2235,505,285,3200,1105,340,1195,1700,1055,820,3265,40,10,35,10,38,37920025,997895,688500,49,18,1.01,19,3400,1,0,0,0,1,0,0,1,2
Milliken,26572,-2.2,3675,3195,14595,5995,4475,2715,430,50,65861,49.3,9.5,240,9.032063826584373,3900,550,2585,1825,610,6810,860,500,1665,2655,2815,95,1765,1265,120,210,105,80,61946893,774336,820000,133,32,1.07,13,2190,1,0,0,0,1,0,1,1,13
Mimico (includes Humber Bay Shores),33964,28.0,3505,3010,22315,5725,4065,6365,2185,235,67525,66.6,6.2,352,10.363914733246967,2255,285,14310,4720,915,9150,8635,7270,6720,2455,860,4255,3185,1775,1485,1445,4100,345,266489658,772434,675000,789,309,1.0,16,2300,1,0,0,0,0,1,1,2,4
Morningside,17455,-0.8,2880,2690,9195,3050,2380,1705,425,40,52721,54.4,11.4,217,12.431967917502147,2280,25,2645,1470,920,3530,2345,930,1330,1985,1605,1180,3230,335,180,140,40,48,36680434,764176,815000,85,30,1.04,14,2200,1,0,5,0,0,2,0,1,6
Moss Park,20506,25.8,1540,2060,15025,2040,2225,4650,1870,265,49252,67.5,6.9,756,36.86725836340583,65,135,10700,3275,630,3920,7630,6785,2830,710,325,2585,2120,1100,1020,1325,2605,110,78721498,715650,647450,361,143,1.01,15,1500,3,0,1,0,0,0,1,9,34
Mount Dennis,13593,3.4,2395,1815,7690,1950,2160,870,295,20,52162,56.6,10.8,185,13.609946295887587,955,150,3740,1730,335,2440,2740,1255,1845,1510,495,1635,1790,650,260,200,65,34,22822650,671254,695000,59,15,1.03,15,2350,3,0,0,1,0,0,1,0,3
Mount Olive-Silverstone-Jamestown,32954,0.5,7090,5240,17090,3860,4875,2500,900,50,57414,50.4,12.1,454,13.77677975359592,1655,160,7010,2065,1040,4425,5455,1195,4030,2905,1610,1405,4610,1320,170,45,80,77,42924381,557459,475000,140,40,1.01,19,2000,1,0,0,0,0,1,0,0,2
Mount Pleasant East,16775,5.0,2980,1705,9640,2715,1100,3895,1870,260,93566,65.7,6.9,51,3.0402384500745154,2160,1620,3510,3010,140,4205,3230,2060,1590,2455,1205,4065,1640,455,165,150,350,73,103382823,1416203,1399900,136,49,1.02,14,2000,10,0,0,0,1,0,2,3,22
Mount Pleasant West,29658,3.7,2380,2520,20130,5545,2545,7840,3440,425,61839,69.5,6.7,167,5.630858453031223,475,185,16640,2240,200,4415,13070,9885,5195,860,340,2690,6950,1855,1345,2375,630,139,111373993,801252,669000,422,196,1.0,16,2500,2,1,1,0,1,0,3,3,58
New Toronto,11463,5.2,1610,1390,6795,1665,1475,1705,425,55,50891,60.9,8.7,178,15.528221233533973,1555,215,3345,2640,260,2335,3040,1605,1970,1160,485,2485,1020,710,260,205,195,37,38422400,1038443,975000,71,25,1.04,9,2500,3,0,1,0,0,2,1,0,14
Newtonbrook East,16097,-2.0,1585,2185,9015,3990,1270,3400,1185,240,60358,52.8,8.8,141,8.7593961607753,2760,10,3300,765,30,3965,2155,1445,1655,1100,1835,1080,1745,1180,350,420,245,60,66853456,1114224,657900,172,83,0.99,20,1900,0,0,1,0,0,0,0,0,1
Newtonbrook West,23831,3.4,2810,3325,13520,4850,2920,4020,1255,295,54981,54.7,8.4,262,10.994083336830178,2530,605,5270,2030,550,4710,4250,1880,2780,2250,2000,1825,3745,740,340,895,625,70,72797099,1039959,840500,197,84,1.02,19,1700,0,0,0,0,0,0,0,0,0
Niagara,31180,46.6,2055,2415,25205,1605,2650,10800,3565,330,79441,82.7,4.5,380,12.187299550994224,35,110,17730,3150,860,9380,9395,10410,6240,1180,230,1395,940,1690,2370,4425,6230,314,238859347,760699,690000,855,273,1.01,14,2250,4,1,2,0,0,1,7,14,32
North Riverdale,11916,-2.3,1960,1170,7135,1800,1025,2560,1180,225,89063,69.6,5.3,142,11.916750587445453,815,1305,2475,3520,360,2805,2205,1340,1005,1355,1220,3870,865,65,25,35,30,25,42719510,1708780,1500000,45,7,1.14,6,2000,3,1,0,0,0,3,2,0,2
North St. James Town,18615,4.4,2290,2265,12320,1960,2385,3510,1425,180,41016,60.4,10.4,238,12.78538812785388,5,0,9440,705,100,955,8610,5960,2615,400,20,2080,4880,365,210,905,325,21,15657500,745595,675000,60,24,1.02,18,1900,2,0,2,0,1,1,0,2,22
Oakridge,13845,2.6,2865,1680,7645,1910,1980,1425,920,70,39757,48.8,14.6,213,15.384615384615385,1050,140,3865,1065,200,1680,3595,2075,1485,895,550,1695,2355,250,90,50,140,29,23886275,823665,827775,62,22,1.01,19,1312,0,0,0,1,0,1,0,0,3
Oakwood Village,21210,0.7,3130,2275,12125,4240,2635,2870,1085,195,58216,61.2,6.8,248,11.692597831211692,2795,1260,4600,4385,20,4605,4085,2230,2140,2820,1250,5665,1950,315,80,80,70,63,68198445,1082515,1050000,102,30,1.07,11,2200,4,2,0,0,1,0,3,1,16
O'Connor-Parkview,18675,2.0,3110,2385,10505,3120,2525,2365,755,50,59729,56.0,10.1,205,10.977242302543507,3030,130,4165,2050,145,3465,4005,1835,2375,1930,1240,4020,2195,545,160,115,105,52,64911760,1248303,1194950,88,25,1.07,13,4300,2,1,1,0,1,0,3,1,5
Old East York,9233,1.3,1470,915,5315,1750,1105,1445,440,45,77824,62.9,5.0,78,8.447958410050905,2220,170,1400,1050,0,2475,1320,795,1060,1250,650,2740,620,105,40,65,75,49,56981686,1162892,1095000,89,19,1.07,13,2397,1,0,0,0,0,3,0,1,4
Palmerston-Little Italy,13826,0.6,1280,1465,9105,2250,1555,3220,1455,335,71168,69.1,6.8,164,11.861709822074351,355,960,4610,5800,295,2620,3715,2090,1570,1330,1230,4810,900,170,25,20,120,39,62792795,1610072,1700000,85,22,1.04,15,1922,8,1,0,0,0,1,1,4,15
Parkwoods-Donalda,34805,0.5,5840,4680,19045,6025,4200,5060,1710,180,65126,57.3,9.2,289,8.303404683235168,2555,1355,8020,4060,1370,5300,8020,2200,4670,3865,2565,3895,7265,795,135,165,250,78,82327116,1055476,880650,138,40,0.99,16,2400,1,0,0,0,0,1,0,0,1
Pelmo Park-Humberlea,10722,23.1,1745,1370,6035,1795,1610,1025,190,20,79508,61.5,6.0,129,12.031337437045329,1795,510,1125,1385,260,3070,645,315,635,1785,975,1255,880,300,180,290,525,44,37180922,872931,840000,83,29,0.995,17,1550,0,0,0,0,0,0,0,1,1
Playter Estates-Danforth,7804,2.0,1150,735,4695,1415,655,1650,855,160,74314,67.6,6.4,129,16.529984623270117,630,580,2295,2045,60,1655,1920,1185,770,835,645,2300,965,95,35,10,40,22,37455100,1702505,1535500,37,9,1.14,8,2572,2,1,0,0,1,1,4,3,41
Pleasant View,15818,-2.0,2050,2080,8490,3550,1670,2535,815,150,70189,53.1,10.0,114,7.206979390567707,1010,1805,2410,3050,270,4180,1340,450,955,1970,2125,365,4475,205,85,35,15,49,39806700,812382,885000,68,16,1.05,15,1750,2,0,1,0,1,1,1,2,8
Princess-Rosethorn,11051,-1.3,1770,1580,5680,2350,855,2005,800,100,139039,59.5,6.0,123,11.130214460229842,3295,5,510,135,40,3270,595,135,395,1505,1840,2175,1055,155,55,100,165,42,81982031,1951953,1836475,72,23,1.0,19,5000,0,0,0,0,0,1,0,0,0
Regent Park,10803,8.0,1635,1775,6675,780,1405,1765,665,85,42369,56.6,9.6,140,12.959363139868556,5,50,4375,1350,505,1260,3700,2210,1515,715,185,1120,905,165,95,610,1750,49,36332800,741486,650000,141,50,1.03,17,1850,4,0,2,0,0,1,1,2,13
Rexdale-Kipling,10529,0.4,1640,1355,5820,2030,1680,960,205,25,63232,55.9,10.9,132,12.536803115205624,1775,30,1610,1610,430,2155,1685,625,830,1605,770,2255,1160,105,40,80,0,37,29906300,808278,838500,47,10,1.04,12,1450,0,0,0,0,0,1,0,1,0
Rockcliffe-Smythe,22246,-0.1,3505,2740,12345,4135,3410,1610,360,50,54908,54.3,9.2,284,12.766340016182685,2765,1055,5000,3030,240,5135,3920,1990,2790,3050,945,4250,3425,435,115,70,80,69,57820400,837977,851500,123,33,1.06,11,2000,2,0,0,1,0,2,0,0,5
Roncesvalles,14974,-0.5,2300,1305,9680,1865,1765,3040,1345,230,63130,66.9,6.7,189,12.621877921731,675,995,4865,4505,320,3000,3885,2590,1415,1510,970,4825,1380,130,40,220,95,63,73480430,1166356,1027000,113,28,1.06,9,2600,3,1,0,0,2,0,0,7,31
Rosedale-Moore Park,20923,1.4,2625,2185,10955,5890,1160,4240,2445,320,106740,60.1,6.0,194,9.272092912106293,2450,485,6840,2600,260,5570,4485,3175,3100,1270,2365,4805,2530,670,850,170,195,84,231673542,2758018,2374500,212,106,0.99,19,2287,2,0,0,0,0,0,1,0,0
Rouge,46496,1.3,7960,6700,25200,7310,6770,5395,1285,75,101482,59.4,8.2,285,6.129559532002753,7625,1145,2760,4775,1855,11195,2205,520,1745,4450,6660,685,2375,1840,3375,1225,290,131,117009108,921997,860025,192,37,1.03,14,2000,1,0,1,0,0,1,0,0,2
Runnymede-Bloor West Village,10070,4.5,2050,960,5820,1440,795,2170,1065,220,112128,69.0,5.1,91,9.03674280039722,2025,760,975,1805,50,3000,815,415,620,1890,865,3320,335,25,25,25,35,44,62186573,1413331,1347000,48,5,1.13,6,3940,4,0,0,0,0,0,0,0,17
Rustic,9941,-0.1,1940,1405,4730,2230,1520,460,75,0,44904,47.8,9.1,100,10.059350165979275,1150,210,2290,535,5,1390,2265,775,1250,1100,510,1045,1525,555,60,20,25,5,4111000,822200,900000,15,7,0.98,14,2495,1,0,0,0,0,0,0,0,0
Scarborough Village,16724,0.7,3365,2360,8780,2655,2330,1435,615,90,49568,50.2,13.0,265,15.845491509208324,1105,30,4505,845,270,2685,3235,1095,2345,1640,675,1430,2665,565,285,270,105,59,47502466,805127,459900,102,42,1.0,20,1950,2,1,0,0,0,1,1,3,7
South Parkdale,21849,2.8,2115,2275,14915,2900,3040,3615,1040,105,41761,64.7,8.6,376,17.209025584694952,200,150,10660,4020,355,1520,9865,6370,3135,575,370,4840,3415,565,165,610,785,26,27693000,1065115,1030000,33,6,1.09,10,2217,1,0,2,0,1,3,1,4,19
South Riverdale,27876,8.7,3975,2445,18145,3850,3170,5715,2070,305,76172,66.8,6.5,485,17.398478978332616,865,2390,7055,9115,1660,7230,4840,3250,3295,3840,1420,6965,1555,620,305,705,1270,184,216375183,1175952,1178000,338,75,1.11,8,2100,0,0,0,0,0,1,0,0,0
St.Andrew-Windfields,17812,-0.8,2645,2540,9425,3645,1420,3010,1550,260,98420,56.3,8.3,137,7.691443970357063,3245,175,2460,1445,540,4275,2140,595,1645,1310,2855,1120,3000,640,590,285,140,53,126965263,2395571,2055000,147,88,0.95,24,2000,2,0,0,0,0,0,0,0,0
Steeles,24623,-1.6,3150,2685,13015,6710,3285,3165,785,90,66719,47.3,9.5,140,5.685740973886205,3725,185,3355,1380,555,6560,1260,895,1820,2300,2805,120,2615,920,305,135,200,72,61318856,851651,865250,117,38,1.03,18,2200,1,0,0,0,0,1,0,0,0
Stonegate-Queensway,25051,1.5,4060,2495,14320,4915,2490,4390,1640,240,85138,63.0,6.7,157,6.267214881641452,5790,100,4045,3555,440,6710,3665,1785,3110,3370,2060,6205,2220,535,395,410,310,84,112368510,1337720,1280000,163,50,1.03,13,1875,3,0,0,0,0,0,0,0,0
Tam O'Shanter-Sullivan,27446,0.2,3885,3225,14185,7380,3410,3810,1195,115,58246,50.7,9.1,214,7.797128907673249,3080,165,5870,2165,920,5675,4390,1760,3095,2810,2290,1810,5140,1335,330,260,280,78,65784418,843390,770500,123,37,1.03,16,1825,0,1,1,1,1,0,0,1,7
Taylor-Massey,15683,0.6,2950,1690,9330,1975,1955,2160,1550,135,46669,56.1,11.5,169,10.775999489893515,600,195,5275,855,185,2060,4215,2805,2080,1005,280,1655,3735,305,50,15,25,42,25755500,613226,458000,79,22,1.06,14,1600,2,1,0,0,0,1,0,1,1
The Beaches,21567,2.1,3825,2075,12730,3220,1895,4680,1930,280,100365,68.0,5.7,192,8.902489915148143,2590,1450,5030,6200,340,5885,3540,2105,2265,2950,1935,6550,965,550,620,265,215,137,199231584,1454245,1375000,296,82,1.04,12,3225,2,0,1,0,1,6,2,4,24
Thistletown-Beaumond Heights,10360,2.2,1730,1410,5355,2230,1380,940,280,25,65459,54.1,10.4,92,8.880308880308881,1575,300,1350,1025,50,2035,1245,345,600,1295,1030,1255,1385,185,30,25,20,19,17329900,912100,901000,33,8,1.04,7,1700,0,0,1,0,1,0,0,0,11
Thorncliffe Park,21108,9.8,5600,2455,10685,2790,2405,2640,1255,70,46595,48.6,12.6,143,6.774682584801973,0,0,7035,455,85,780,6335,3380,2975,680,35,1405,3685,635,250,135,325,23,13959050,606915,532000,32,9,1.01,13,2100,0,1,1,0,2,0,2,2,16
Trinity-Bellwoods,16556,-1.5,1745,1630,10835,2680,2130,3110,1370,275,72226,65.1,6.1,263,15.885479584440686,385,715,4555,6605,890,3600,3305,1730,1760,1835,1490,5050,915,210,150,190,160,44,63446931,1441976,1402500,123,42,1.09,12,2475,4,0,4,0,0,3,3,12,32
University,7607,-2.2,565,1485,4240,1625,485,1420,785,320,57847,65.5,8.3,217,28.526357302484552,125,215,2720,2190,285,1275,2125,1270,870,675,505,1935,810,95,25,180,210,31,46225427,1491143,1280000,90,45,1.02,17,1500,6,0,1,0,1,2,1,7,16
Victoria Village,17510,1.9,2630,2030,9440,3975,2240,2105,620,65,51867,53.2,10.1,195,11.136493432324386,1250,305,5475,2945,365,3050,4350,2215,2145,1930,835,2220,3205,560,535,135,85,37,31548350,852658,580000,64,18,1.01,17,1750,2,0,1,0,0,1,0,0,3
Waterfront Communities-The Island,65913,52.0,3650,7840,49785,5000,4920,22565,9335,950,78479,78.2,5.2,1267,19.22230819413469,255,40,39880,1250,560,16825,23930,24695,13060,1870,230,705,2695,4055,6070,9600,14160,713,556293150,796667,724250,2565,1186,1.0,19,2000,0,0,0,4,0,0,0,0,0
West Hill,27392,3.2,4635,3950,14550,4865,3930,2435,700,45,56051,51.7,11.6,595,21.72167056074766,3220,450,4855,3315,1445,5930,4055,1515,2150,3510,2530,2255,5150,630,320,310,190,86,63713427,740854,762750,144,38,1.05,14,2250,2,0,3,0,2,0,0,3,20
West Humber-Clairville,33312,-2.3,5060,5445,17835,5595,4805,3300,1135,60,70741,58.0,9.6,904,27.137367915465887,3870,295,4800,4155,1310,7010,3275,1335,1970,3460,3505,1520,3540,1650,510,820,355,94,60032100,638639,542500,139,43,1.01,19,2000,0,0,0,0,1,0,1,3,6
Westminster-Branson,26274,3.3,3440,3355,14365,6130,2845,4040,1170,155,54101,56.2,9.2,197,7.497906675801172,870,555,8335,1620,470,4060,6165,1890,4440,2685,965,1010,5675,750,165,50,195,49,37275461,760724,648000,115,44,0.99,15,2225,0,0,0,0,0,1,0,0,1
Weston,17992,-1.0,3100,2225,10215,2840,2775,1390,350,50,45696,55.5,10.6,332,18.45264562027568,1620,205,5625,1590,160,2800,4795,2680,2570,1370,760,2720,2745,870,250,325,40,48,36386867,758060,789500,103,46,1.04,13,2475,1,0,1,2,0,1,2,1,6
Weston-Pelham Park,11098,-7.6,1675,1415,6690,1475,1765,995,325,20,59682,58.0,8.5,140,12.61488556496666,505,1220,2185,3235,300,2475,1750,865,935,1630,635,2575,880,125,320,55,30,40,37640104,941003,880000,72,20,1.07,11,1600,4,0,0,0,0,2,0,1,9
Wexford/Maryvale,27917,3.3,4215,3650,15320,5620,4200,3065,895,85,62837,55.9,9.0,345,12.358061396281837,5290,15,4440,2955,360,6090,4015,1680,2225,3580,2575,5955,2655,555,135,50,255,75,70326412,937685,920000,138,34,1.07,12,1775,0,1,0,0,1,0,0,0,9
Willowdale East,50434,12.0,5920,6940,31310,7100,3780,12725,5535,800,61725,55.9,8.5,311,6.1664749970258175,3385,65,18000,2830,845,13800,8505,7680,8905,2990,2510,1510,2050,3845,5850,3860,3215,297,282429211,950940,665000,712,304,0.99,20,2050,1,0,0,0,0,0,0,1,1
Willowdale West,16936,12.9,1785,2230,9550,4025,1395,3745,1520,260,56942,52.2,9.8,169,9.978743504959848,2030,140,5125,895,250,4810,2755,2020,2650,1390,1220,1650,1165,760,795,1215,1320,90,95394487,1059939,736250,234,108,1.0,17,1900,3,0,0,0,0,1,0,0,0
Willowridge-Martingrove-Richview,22156,3.8,3555,2625,11045,5790,2825,2725,835,105,71584,53.5,8.5,247,11.148221700667989,3600,530,4030,1165,345,4595,3925,1335,1995,3310,1840,2315,4800,295,70,205,290,47,46206228,983111,970000,77,30,1.06,16,2000,3,0,0,0,0,0,0,0,0
Woburn,53485,0.3,9625,7660,28190,9140,7485,5880,1955,155,58921,51.9,10.6,558,10.432831635037859,6310,285,11570,2795,240,9765,8670,3365,5830,4940,3990,6010,7175,2305,910,565,320,153,113073802,739044,820000,296,95,1.05,13,1625,1,2,1,0,1,0,1,5,10
Woodbine Corridor,12541,7.2,2325,1035,7790,1550,1255,2535,910,145,72792,66.4,7.7,152,12.120245594450205,885,1555,2690,3910,300,3170,2275,1405,1145,2240,520,3575,785,340,130,80,215,57,67817809,1189786,1205000,88,23,1.11,8,1750,3,0,0,0,0,1,0,0,1
Woodbine-Lumsden,7865,0.5,1165,675,4940,1220,1125,1310,485,90,74608,65.5,6.6,55,6.9930069930069925,1885,325,1215,955,20,2355,1095,665,1120,1130,435,2485,605,95,50,45,75,50,52246390,1044928,1016045,73,13,1.08,8,1500,1,0,0,0,0,1,0,0,3
Wychwood,14349,2.6,1860,1320,8015,4030,1370,2285,1135,230,66089,65.6,5.2,146,10.17492508188724,920,880,3770,3715,290,2855,3040,1860,1420,1610,940,3190,1195,425,80,165,275,36,45754268,1270952,1250000,58,20,1.05,13,2500,0,0,1,0,0,1,0,1,2
Yonge-Eglinton,11817,11.7,1800,1225,7185,1765,680,2875,1505,250,80896,68.2,6.9,115,9.731742405009733,1400,465,3750,2275,60,2195,3480,2045,1335,1085,945,2995,1380,190,145,75,555,30,46956026,1565201,1512500,81,30,1.03,12,2000,2,0,0,0,2,1,3,7,24
Yonge-St.Clair,12528,7.5,1210,920,7500,3375,900,2785,1600,180,80136,65.2,5.9,72,5.747126436781608,520,450,5815,2175,220,2695,4315,3005,2320,815,615,3280,2040,415,430,255,135,56,99222250,1771826,1610000,129,52,0.99,21,1900,5,0,2,0,2,0,3,1,40
York University Heights,27593,-0.4,4045,4750,15255,3930,3875,3135,935,155,53772,56.3,10.7,673,24.390243902439018,1235,1360,6780,3430,775,4600,5565,2795,2765,2620,1850,1245,5470,645,475,830,590,83,58812250,708581,659000,149,60,1.01,22,1900,1,1,0,1,1,0,1,2,7
Yorkdale-Glen Park,14804,0.8,1960,1870,7670,4070,2115,1240,385,80,63778,55.3,8.0,332,22.426371251013236,2165,80,2480,1995,600,3300,2045,975,1300,1885,1155,2025,1860,245,265,125,545,85,56722688,667326,535000,225,102,1.0,21,1800,0,0,0,0,1,0,1,3,13
